source_id,snapshot,method,pages,chars,khmer_char_ratio,text_path
S001,2026-10-08.html,html,1,9992,0.729,data/processed/text/S001/2026-10-08.txt
S002,2026-10-08.html,html,1,9950,0.95,data/processed/text/S002/2026-10-08.txt
S003,2026-10-08.html,html,1,10317,0.808,data/processed/text/S003/2026-10-08.txt
S004,2026-10-08.html,html,1,10608,0.955,data/processed/text/S004/2026-10-08.txt
S005,2026-10-08.html,html,1,6569,0.803,data/processed/text/S005/2026-10-08.txt
S006,2026-10-08.html,html,1,7110,0.946,data/processed/text/S006/2026-10-08.txt
S007,2026-10-08.html,html,1,3622,0.977,data/processed/text/S007/2026-10-08.txt
S008,2026-10-08.html,html,1,5424,0.975,data/processed/text/S008/2026-10-08.txt
S009,2026-10-08.html,html,1,2000,0.0,data/processed/text/S009/2026-10-08.txt
S010,2026-10-08.html,html,1,3416,0.977,data/processed/text/S010/2026-10-08.txt
S011,2026-10-08.html,html,1,5371,0.976,data/processed/text/S011/2026-10-08.txt
S012,2026-10-08.html,html,1,3607,0.978,data/processed/text/S012/2026-10-08.txt
S013,2026-10-08.html,html,1,5396,0.976,data/processed/text/S013/2026-10-08.txt
S014,2026-10-08.html,html,1,2320,0.0,data/processed/text/S014/2026-10-08.txt
S015,2026-10-08.html,html,1,9426,0.0,data/processed/text/S015/2026-10-08.txt
S016,2026-10-08.pdf,ocr,9,6172,0.704,data/processed/text/S016/2026-10-08.txt
S017,2026-10-08.pdf,ocr,6,2376,0.621,data/processed/text/S017/2026-10-08.txt
S018,2026-10-08.pdf,ocr,3,730,0.696,data/processed/text/S018/2026-10-08.txt
S019,2026-10-08.html,html,1,11883,0.951,data/processed/text/S019/2026-10-08.txt
S020,2026-10-08.html,html,1,485,0.912,data/processed/text/S020/2026-10-08.txt
S021,2026-10-08.pdf,pdf_text,9,15422,0.0,data/processed/text/S021/2026-10-08.txt
