source_id,collected_at,url,final_url,outcome,http_status,content_type,bytes,sha256,raw_path,error
S001,2026-10-08T13:56:23.255370+00:00,https://mpwt.gov.kh/en/public-services/driver-s-license,https://mpwt.gov.kh/en/public-services/driver-s-license,new,200,text/html; charset=UTF-8,113558,3fa783271dc614be4dc81a18ad82c27e9d88cae4b2d6303c309fb864a9b9d5a4,data/raw/S001/2026-10-08.html,
S002,2026-10-08T13:56:25.613943+00:00,https://mpwt.gov.kh/kh/public-services/driver-s-license,https://mpwt.gov.kh/kh/public-services/driver-s-license,new,200,text/html; charset=UTF-8,129985,d930964546250169ec41ef0bc0870091dd2b0ceb33090e7b3ef78de2aede5c45,data/raw/S002/2026-10-08.html,
S003,2026-10-08T13:56:27.937310+00:00,https://mpwt.gov.kh/en/public-services/vehicle-registration,https://mpwt.gov.kh/en/public-services/vehicle-registration,new,200,text/html; charset=UTF-8,116371,314cee0b1a1b343fbceb078185738410560627a8922df42c872f623bd5ff6b13,data/raw/S003/2026-10-08.html,
S004,2026-10-08T13:56:30.248621+00:00,https://mpwt.gov.kh/kh/public-services/vehicle-registration,https://mpwt.gov.kh/kh/public-services/vehicle-registration,new,200,text/html; charset=UTF-8,137418,5dd66df60b20de6b09064e4ced717c22c69d1025c08dc08de2c83b7ae93230bd,data/raw/S004/2026-10-08.html,
S005,2026-10-08T13:56:32.418963+00:00,https://mpwt.gov.kh/en/public-services/technical-inspection,https://mpwt.gov.kh/en/public-services/technical-inspection,new,200,text/html; charset=UTF-8,102623,78e9cb52f1829883886c2f90bfda1a97e83b91b5119afcfaab49997c723c00dc,data/raw/S005/2026-10-08.html,
S006,2026-10-08T13:56:34.656200+00:00,https://mpwt.gov.kh/kh/public-services/technical-inspection,https://mpwt.gov.kh/kh/public-services/technical-inspection,new,200,text/html; charset=UTF-8,121677,986ce5b4f7370849e737605a1e29c316382df5e37f78a9c86126fe86f2dd64cc,data/raw/S006/2026-10-08.html,
S007,2026-10-08T13:56:36.832882+00:00,https://news.gdi.gov.kh/pages/passport-department,https://news.gdi.gov.kh/pages/passport-department,new,200,text/html; charset=UTF-8,61963,dc36910a38496b2823e3dc4e909743a3d2ea941168ab74f4597db86b22aba5f6,data/raw/S007/2026-10-08.html,
S008,2026-10-08T13:56:38.981730+00:00,https://news.gdi.gov.kh/category/passport,https://news.gdi.gov.kh/category/passport,new,200,text/html; charset=UTF-8,90631,984a5fa3cca8bc9b7764ac31c531500b45fb4b4faea3118335fc4fa45fe1dbe2,data/raw/S008/2026-10-08.html,
S009,2026-10-08T13:56:41.136933+00:00,https://data.opendevelopmentcambodia.net/en/laws_record/prakas-no-1461-on-formality-of-issuing-regular-passports-dated-on-28-april-2014,https://data.opendevelopmentcambodia.net/en/laws_record/prakas-no-1461-on-formality-of-issuing-regular-passports-dated-on-28-april-2014,new,200,text/html; charset=utf-8,93612,4fc5b78aefc9874cf68952b7a8892fddce11a16a6b44dc4c1986c8dc31b47e88,data/raw/S009/2026-10-08.html,
S010,2026-10-08T13:56:43.818599+00:00,https://news.gdi.gov.kh/pages/department-of-khmer-nationality-identity-card,https://news.gdi.gov.kh/pages/department-of-khmer-nationality-identity-card,new,200,text/html; charset=UTF-8,61411,9ea0429c9c203dc8da4f40489b6eb2b121c611199b6193567463e96313185038,data/raw/S010/2026-10-08.html,
S011,2026-10-08T13:56:45.955804+00:00,https://news.gdi.gov.kh/category/id,https://news.gdi.gov.kh/category/id,new,200,text/html; charset=UTF-8,90442,85af2ffe9a619ebc01b3ecf8fbd7be52c81f8e09e4bcb22099ec3fa73f1c5d6b,data/raw/S011/2026-10-08.html,
S012,2026-10-08T13:56:48.093040+00:00,https://news.gdi.gov.kh/pages/roles-and-responsibilities-of-the-civil-status-department,https://news.gdi.gov.kh/pages/roles-and-responsibilities-of-the-civil-status-department,new,200,text/html; charset=UTF-8,61975,595001f7e7f5a00ca5a70ac92360678a3b6de43f8b7e67404517eaf413e2a9e5,data/raw/S012/2026-10-08.html,
S013,2026-10-08T13:56:50.241729+00:00,https://news.gdi.gov.kh/category/crvs,https://news.gdi.gov.kh/category/crvs,new,200,text/html; charset=UTF-8,91101,bbf74e49b0362c7849c32014ff23ed1773f33c61cf6ecaf57e48f920a23099da,data/raw/S013/2026-10-08.html,
S014,2026-10-08T13:56:52.450288+00:00,https://data.opendevelopmentcambodia.net/en/library_record/documentation-on-how-to-record-civil-registration-chapter-ii-birth-registration,https://data.opendevelopmentcambodia.net/en/library_record/documentation-on-how-to-record-civil-registration-chapter-ii-birth-registration,new,200,text/html; charset=utf-8,93445,1cd7cf05bdc1ca7299e773bbf74b53c51466743bda8b30976c166e7f7f38bc7f,data/raw/S014/2026-10-08.html,
S015,2026-10-08T13:56:55.160873+00:00,https://opendevelopmentcambodia.net/profiles/access-to-public-service/civil-status/,https://opendevelopmentcambodia.net/profiles/access-to-public-service/civil-status/,new,200,text/html; charset=UTF-8,164299,5c7788816a7f0d0d7903b5286d0dc764d9ecda28cc975a087907990b45f7e592,data/raw/S015/2026-10-08.html,
S016,2026-10-08T13:56:58.419167+00:00,https://www.owso.gov.kh/wp-content/uploads/2019/08/ប្រភេទសេវារដ្ឋបាលរបស់អង្គភាពច្រក១-1.pdf,https://www.owso.gov.kh/wp-content/uploads/2019/08/%E1%9E%94%E1%9F%92%E1%9E%9A%E1%9E%97%E1%9F%81%E1%9E%91%E1%9E%9F%E1%9F%81%E1%9E%9C%E1%9E%B6%E1%9E%9A%E1%9E%8A%E1%9F%92%E1%9E%8B%E1%9E%94%E1%9E%B6%E1%9E%9B%E1%9E%9A%E1%9E%94%E1%9E%9F%E1%9F%8B%E1%9E%A2%E1%9E%84%E1%9F%92%E1%9E%82%E1%9E%97%E1%9E%B6%E1%9E%96%E1%9E%85%E1%9F%92%E1%9E%9A%E1%9E%80%E1%9F%A1-1.pdf,new,200,application/pdf,10369756,54bff0c481f62df5d1c110084e148b24d471c86a6806f9261ff1f95130e80efd,data/raw/S016/2026-10-08.pdf,
S017,2026-10-08T13:57:50.798192+00:00,https://www.owso.gov.kh/wp-content/uploads/2019/08/ប្រភេទសេវារបស់ការិយាល័យច្រក១.pdf,https://www.owso.gov.kh/wp-content/uploads/2019/08/%E1%9E%94%E1%9F%92%E1%9E%9A%E1%9E%97%E1%9F%81%E1%9E%91%E1%9E%9F%E1%9F%81%E1%9E%9C%E1%9E%B6%E1%9E%9A%E1%9E%94%E1%9E%9F%E1%9F%8B%E1%9E%80%E1%9E%B6%E1%9E%9A%E1%9E%B7%E1%9E%99%E1%9E%B6%E1%9E%9B%E1%9F%90%E1%9E%99%E1%9E%85%E1%9F%92%E1%9E%9A%E1%9E%80%E1%9F%A1.pdf,new,200,application/pdf,5518767,e8df0db9521ead9c9a5c5a76ac4696341434288cb82fc2e5878628d09ccc27f5,data/raw/S017/2026-10-08.pdf,
S018,2026-10-08T13:58:00.145992+00:00,https://www.owso.gov.kh/wp-content/uploads/2019/08/ប្រភេទសេវារបស់ឃុំសង្កាត់.pdf,https://www.owso.gov.kh/wp-content/uploads/2019/08/%E1%9E%94%E1%9F%92%E1%9E%9A%E1%9E%97%E1%9F%81%E1%9E%91%E1%9E%9F%E1%9F%81%E1%9E%9C%E1%9E%B6%E1%9E%9A%E1%9E%94%E1%9E%9F%E1%9F%8B%E1%9E%83%E1%9E%BB%E1%9F%86%E1%9E%9F%E1%9E%84%E1%9F%92%E1%9E%80%E1%9E%B6%E1%9E%8F%E1%9F%8B.pdf,new,200,application/pdf,308752,09fbf415254a62c69580e3d5ad6e82c2502d3d888d64d0af9cd1a311ade1d6e2,data/raw/S018/2026-10-08.pdf,
S019,2026-10-08T13:58:05.949267+00:00,https://registrationservices.gov.kh/,,blocked_robots,,,,,,
S020,2026-10-08T13:58:08.586493+00:00,https://www.businessregistration.moc.gov.kh/kh,,blocked_robots,,,,,,
S021,2026-10-08T13:58:11.190335+00:00,https://data.vietnam.opendevelopmentmekong.net/en/dataset/17a91da8-1786-4bdc-92fd-b183003b2811/resource/46ff58b5-e746-418b-a6bb-d47cb4a36f7b/download/sub-decree-84_business-registration-through-it-system_en.pdf,https://data.vietnam.opendevelopmentmekong.net/en/dataset/17a91da8-1786-4bdc-92fd-b183003b2811/resource/46ff58b5-e746-418b-a6bb-d47cb4a36f7b/download/sub-decree-84_business-registration-through-it-system_en.pdf,new,200,application/pdf,343862,cae1e309339b992264087a8ee1c3f0d4ea0715b56657a4c6ae19bfae3c785be1,data/raw/S021/2026-10-08.pdf,
S022,2026-10-08T13:58:14.636589+00:00,https://www.evisa.gov.kh/,,blocked_robots,,,,,,
S019,2026-10-08T13:59:08.001356+00:00,https://registrationservices.gov.kh/,https://registrationservices.gov.kh/,new,200,text/html; charset=UTF-8,208417,8120b9463590eca09a6574d0cc3985bb0743067ef6ed4ad575de2d572f1ce108,data/raw/S019/2026-10-08.html,
S020,2026-10-08T13:59:13.444502+00:00,https://www.businessregistration.moc.gov.kh/kh,https://www.businessregistration.moc.gov.kh/kh,new,200,text/html; charset=utf-8,42228,82cbd2154e7fee3efc113042ac07fa154c23922aa581c989a22aaea29dc2c3cc,data/raw/S020/2026-10-08.html,
S022,2026-10-08T13:59:16.252747+00:00,https://www.evisa.gov.kh/,,blocked_robots,,,,,,
