service_slug,source_id,relevance
driver_license_ab,S001,primary
driver_license_ab,S002,primary
driver_license_exchange,S001,primary
driver_license_exchange,S002,primary
vehicle_registration,S003,primary
vehicle_registration,S004,primary
vehicle_registration,S005,supporting
vehicle_registration,S006,supporting
passport_new,S007,supporting
passport_new,S008,supporting
passport_new,S009,legal_basis
passport_renewal,S007,supporting
passport_renewal,S008,supporting
passport_renewal,S009,legal_basis
national_id_card,S010,supporting
national_id_card,S011,supporting
birth_registration,S012,supporting
birth_registration,S013,supporting
birth_registration,S014,legal_basis
birth_registration,S015,context
late_birth_registration,S013,supporting
late_birth_registration,S014,legal_basis
late_birth_registration,S015,context
marriage_registration,S012,supporting
marriage_registration,S013,supporting
marriage_registration,S015,context
death_registration,S012,supporting
death_registration,S013,supporting
death_registration,S015,context
civil_record_correction,S012,supporting
civil_record_correction,S015,context
owso_district_services,S016,supporting
owso_district_services,S017,primary
owso_district_services,S018,supporting
vehicle_registration,S017,supporting
company_registration,S019,primary
company_registration,S020,primary
company_registration,S021,legal_basis
sole_proprietorship_registration,S019,primary
sole_proprietorship_registration,S020,primary
sole_proprietorship_registration,S021,legal_basis
tourist_evisa,S022,primary
