source_id,url,source_name,publisher,source_type,tier,language,notes
S001,https://mpwt.gov.kh/en/public-services/driver-s-license,Driver's License (English),Ministry of Public Works and Transport,web_page,T1,en,FAQ section is Khmer-only on the English page
S002,https://mpwt.gov.kh/kh/public-services/driver-s-license,Driver's License (Khmer),Ministry of Public Works and Transport,web_page,T1,km,
S003,https://mpwt.gov.kh/en/public-services/vehicle-registration,Vehicle Registration (English),Ministry of Public Works and Transport,web_page,T1,en,
S004,https://mpwt.gov.kh/kh/public-services/vehicle-registration,Vehicle Registration (Khmer),Ministry of Public Works and Transport,web_page,T1,km,
S005,https://mpwt.gov.kh/en/public-services/technical-inspection,Technical Inspection (English),Ministry of Public Works and Transport,web_page,T1,en,Inspection certificate is a prerequisite for vehicle registration
S006,https://mpwt.gov.kh/kh/public-services/technical-inspection,Technical Inspection (Khmer),Ministry of Public Works and Transport,web_page,T1,km,
S007,https://news.gdi.gov.kh/pages/passport-department,Passport Department,"General Department of Identification, Ministry of Interior",web_page,T1,km,Department duties and contacts only; no requirements/fees observed in Phase 1
S008,https://news.gdi.gov.kh/category/passport,Passport announcements,"General Department of Identification, Ministry of Interior",web_page,T1,km,Index of announcements; individual posts to be collected selectively
S009,https://data.opendevelopmentcambodia.net/en/laws_record/prakas-no-1461-on-formality-of-issuing-regular-passports-dated-on-28-april-2014,Prakas No. 1461 on formality of issuing regular passports (28 Apr 2014),Open Development Cambodia (archive of Ministry of Interior prakas),law_record,T2,en,Landing page; links to the legal text
S010,https://news.gdi.gov.kh/pages/department-of-khmer-nationality-identity-card,Department of Khmer Nationality Identity Card,"General Department of Identification, Ministry of Interior",web_page,T1,km,
S011,https://news.gdi.gov.kh/category/id,ID card announcements,"General Department of Identification, Ministry of Interior",web_page,T1,km,Index of announcements
S012,https://news.gdi.gov.kh/pages/roles-and-responsibilities-of-the-civil-status-department,Civil Status Department,"General Department of Identification, Ministry of Interior",web_page,T1,km,
S013,https://news.gdi.gov.kh/category/crvs,Civil registration (CRVS) announcements,"General Department of Identification, Ministry of Interior",web_page,T1,km,Index of announcements
S014,https://data.opendevelopmentcambodia.net/en/library_record/documentation-on-how-to-record-civil-registration-chapter-ii-birth-registration,Documentation on how to record civil registration: Chapter II birth registration,Open Development Cambodia (archive),law_record,T2,en,Landing page; links to the document
S015,https://opendevelopmentcambodia.net/profiles/access-to-public-service/civil-status/,Civil status profile,Open Development Cambodia,web_page,T3,en,Secondary summary; leads only
S016,https://www.owso.gov.kh/wp-content/uploads/2019/08/ប្រភេទសេវារដ្ឋបាលរបស់អង្គភាពច្រក១-1.pdf,Administrative service types: capital/provincial one-window units,"One Window Service Office, Ministry of Interior",pdf,T1,km,Uploaded 2019-08; check currency
S017,https://www.owso.gov.kh/wp-content/uploads/2019/08/ប្រភេទសេវារបស់ការិយាល័យច្រក១.pdf,Service types: district/khan one-window offices,"One Window Service Office, Ministry of Interior",pdf,T1,km,Uploaded 2019-08; check currency
S018,https://www.owso.gov.kh/wp-content/uploads/2019/08/ប្រភេទសេវារបស់ឃុំសង្កាត់.pdf,Service types: commune/sangkat,"One Window Service Office, Ministry of Interior",pdf,T1,km,Uploaded 2019-08; check currency
S019,https://registrationservices.gov.kh/,Online Business Registration portal,Ministry of Economy and Finance,web_page,T1,km,Footer credits Ministry of Economy and Finance; links to guidebooks and FAQ
S020,https://www.businessregistration.moc.gov.kh/kh,Business Registration (Ministry of Commerce),Ministry of Commerce,web_page,T1,km,Client-rendered (Next.js); static HTML may contain little text
S021,https://data.vietnam.opendevelopmentmekong.net/en/dataset/17a91da8-1786-4bdc-92fd-b183003b2811/resource/46ff58b5-e746-418b-a6bb-d47cb4a36f7b/download/sub-decree-84_business-registration-through-it-system_en.pdf,Sub-Decree No. 84 on business registration through IT systems (2020),Open Development Mekong (archive of Royal Government sub-decree),pdf,T2,en,Unofficial English translation hosted by archive
S022,https://www.evisa.gov.kh/,Cambodia e-Visa,"E-Visa Office, Ministry of Foreign Affairs and International Cooperation",web_page,T1,en,Returned 302 redirect loop to scripted clients in Phase 1
