fact_id,service_slug,source_id,snapshot,field,value,applies_to,amount,currency,status,evidence,notes,annotated_at,review_status,reviewer,reviewed_at
F0001,driver_license_ab,S001,2026-10-08.html,fee,Driving test / license fee,"Type A, Cambodian citizen",30000,KHR,stated,"A ""motorbike"" 30,000 Riels 100,000 Riels",,2026-10-08,PENDING,,
F0002,driver_license_ab,S001,2026-10-08.html,fee,Driving test / license fee,"Type A, foreigner",100000,KHR,stated,"A ""motorbike"" 30,000 Riels 100,000 Riels",,2026-10-08,PENDING,,
F0003,driver_license_ab,S001,2026-10-08.html,fee,Driving test / license fee,"Type B, Cambodian citizen",90000,KHR,stated,"B ""Tourist / family car"" 90,000 Riels 180,000 Riels",,2026-10-08,PENDING,,
F0004,driver_license_ab,S001,2026-10-08.html,fee,Driving test / license fee,"Type B, foreigner",180000,KHR,stated,"B ""Tourist / family car"" 90,000 Riels 180,000 Riels",,2026-10-08,PENDING,,
F0005,driver_license_ab,S001,2026-10-08.html,required_document,National identity card,Driving test applicant,,,stated,ឯកសារសម្រាប់ការប្រឡងយកបណ្ណបើកបរត្រូវមាន៖ អត្តសញ្ញាណបណ្ណ,From Khmer FAQ,2026-10-08,PENDING,,
F0006,driver_license_ab,S001,2026-10-08.html,required_document,Three 4x6 photos with white background,Driving test applicant,,,stated,រូបថត ៤x៦ ចំនួន៣សន្លឹក(ផ្ទៃព័ណ៌ស),From Khmer FAQ,2026-10-08,PENDING,,
F0007,driver_license_ab,S001,2026-10-08.html,required_document,Physical fitness (medical) certificate,Driving test applicant,,,stated,និងវិញ្ញាបនបត្របញ្ជាក់កាយសម្បទា,From Khmer FAQ,2026-10-08,PENDING,,
F0008,driver_license_ab,S001,2026-10-08.html,step,Create an account on driverlicense.mpwt.gov.kh and activate it by e-mail,Online application,,,stated,ដើម្បីអាចដាក់ពក្យប្រឡងយកបណ្ណបើកបរតាមប្រព័ន្ធអនឡាញបានលោកអ្នកត្រូវចូលទៅកាន់គេហទំព័រក្រសួង https://driverlicense.mpwt.gov.kh ដើម្បីបង្កើតគណនី,From Khmer FAQ,2026-10-08,PENDING,,
F0009,driver_license_ab,S001,2026-10-08.html,step,Submit the driving-test application in the online system,Online application,,,stated,ក្រោយមកលោកអ្នកអាចចូលទៅក្នុងប្រព័ន្ធដើម្បីដាក់ពាក្យប្រឡងបាន,From Khmer FAQ,2026-10-08,PENDING,,
F0010,driver_license_ab,S001,2026-10-08.html,step,"Pass the computer-based theory test, then the practical driving test",All applicants,,,stated,ការប្រឡងយកបណ្ណបើកបរមានពីរដំណាក់កាល គឺការប្រឡងទ្រឹស្តី និងប្រឡងដៃចង្កូត,From Khmer FAQ,2026-10-08,PENDING,,
F0011,driver_license_ab,S001,2026-10-08.html,condition,A failed theory test must be passed before the practical test can be taken,All applicants,,,stated,ប្រឡងធ្លាក់ទ្រឹស្តីមិនអាចប្រឡងដៃចង្កូតបានទេ,From Khmer FAQ,2026-10-08,PENDING,,
F0012,driver_license_ab,S001,2026-10-08.html,eligibility,Minimum age 18,Types A and B,,,stated,ប្រភេទ ក និង ខ ត្រូវមានអាយុ១៨ឆ្នាំ យ៉ាងតិច,From Khmer FAQ,2026-10-08,PENDING,,
F0013,driver_license_ab,S001,2026-10-08.html,eligibility,Foreigners residing legally may take the test for Type A or B,Foreigner,,,stated,"អាចប្រឡងយកបណ្ណបើកបរកម្ពុជាប្រភេទ ""ក"" ឬ ""ខ"" បាន",From Khmer FAQ,2026-10-08,PENDING,,
F0014,driver_license_ab,S001,2026-10-08.html,validity,License valid for 10 years,Types A and B,,,stated,ការប្រឡងជាប់បណ្ណបើកបរប្រភេទ ក និង ខ មានសុពលភាពរយៈពេល ១០(ដប់)ឆ្នាំ,From Khmer FAQ,2026-10-08,PENDING,,
F0015,driver_license_ab,S001,2026-10-08.html,location,Online via the MPWT driving-license system,Types A and B,,,stated,"For Type A and B driving license, you can apply for a driving test online via the online system",,2026-10-08,PENDING,,
F0016,driver_license_ab,S001,2026-10-08.html,location,"MPWT service centres: Aeon Mall Phnom Penh, Aeon Mall Sen Sok City, provincial one-window units, Heavy Vehicle Training Center, provincial Public Works and Transport departments",All types,,,stated,"Aeon Mall Phnom Penh (Aeon1), Aeon Mall Sek Sok City (Aeon2), Provincial One Window Service Unit, Heavy Vehicle Training Center, Provincial Department of Public Works and Transport offices",Source spells 'Sek Sok',2026-10-08,PENDING,,
F0017,driver_license_ab,S001,2026-10-08.html,contact,"Hotline 1275 (free), Monday-Friday 08:00-12:00 and 14:00-17:00",,,,stated,1275 (Free) info@mpwt.gov.kh Monday - Friday (08:00-12:00 | 14:00-17:00),,2026-10-08,PENDING,,
F0018,driver_license_ab,S001,2026-10-08.html,processing_time,Not stated by source,,,,not_stated,,,2026-10-08,PENDING,,
F0019,driver_license_exchange,S001,2026-10-08.html,fee,Foreign license exchange fee,Foreigner exchanging a home-country license,120000,KHR,stated,"The cost of changing driver's license is 120,000 riels.",,2026-10-08,PENDING,,
F0020,driver_license_exchange,S001,2026-10-08.html,required_document,Passport,Foreigner,,,stated,Passport Valid visa,,2026-10-08,PENDING,,
F0021,driver_license_exchange,S001,2026-10-08.html,required_document,Valid visa,Foreigner,,,stated,Passport Valid visa,Khmer FAQ specifies at least 30 days validity; see condition row,2026-10-08,PENDING,,
F0022,driver_license_exchange,S001,2026-10-08.html,required_document,Certificate of current residence issued by the competent authority,Foreigner,,,stated,Certificate of current residence issued by the competent authority,,2026-10-08,PENDING,,
F0023,driver_license_exchange,S001,2026-10-08.html,required_document,Three white 4x6 photos,Foreigner,,,stated,3 white 4x6 photos,,2026-10-08,PENDING,,
F0024,driver_license_exchange,S001,2026-10-08.html,required_document,Medical certificate,Foreigner,,,stated,Medical Certificate,,2026-10-08,PENDING,,
F0025,driver_license_exchange,S001,2026-10-08.html,required_document,"Valid home-country driving license, translated into English or Khmer by your embassy if not in English or French",Foreigner,,,stated,"Your national driver's license, which is valid in the case of non-English or French, must be translated into English or Khmer from the embassy of your country",,2026-10-08,PENDING,,
F0026,driver_license_exchange,S001,2026-10-08.html,condition,Passport and visa valid for at least 30 days; the source adds an exception about tourist visas whose meaning is ambiguous,Foreigner,,,stated,លិខិតឆ្លងដែន និងទិដ្ឋាការមានសុពលភាពរយៈពេលយ៉ាងតិច ៣០ថ្ងៃ (លើកលែងចំពោះទិដ្ឋាការប្រភេទទេសចរណ៍),Clarity issue: wording could mean tourist visas are excluded or exempt,2026-10-08,PENDING,,
F0027,driver_license_exchange,S001,2026-10-08.html,processing_time,Not stated by source,,,,not_stated,,,2026-10-08,PENDING,,
F0028,driver_license_exchange,S001,2026-10-08.html,eligibility,Foreigners holding a valid license issued by the competent authority of their own country,Foreigner,,,stated,ជនបរទេសដែលយកបណ្ណបើកបរ នៅមានសុពលភាព ចេញដោយអាជ្ញាធរមានសម្ថកិច្ចនៃប្រទេសរបស់ខ្លួន មកប្តូរយកបណ្ណបើកបរកម្ពុជា,From Khmer FAQ,2026-10-08,PENDING,,
F0029,driver_license_exchange,S001,2026-10-08.html,location,"Online via the MPWT driving-license system, or any MPWT service centre",Foreigner,,,stated,you can apply for a driving test or an exchange of driving license through the Ministry of Public Works and Transport’s driving license issuance online system’s website,,2026-10-08,PENDING,,
F0030,driver_license_exchange,S001,2026-10-08.html,contact,"Hotline 1275 (free), Monday-Friday 08:00-12:00 and 14:00-17:00",,,,stated,1275 (Free) info@mpwt.gov.kh Monday - Friday (08:00-12:00 | 14:00-17:00),,2026-10-08,PENDING,,
F0031,vehicle_registration,S003,2026-10-08.html,fee,Car registration fee (plus extra fee for a preferred plate number),"Cars, online",125000,KHR,stated,"Vehicle registration fee is 125,000 Riels, plus an additional fee if you choose a preferred number plate.",,2026-10-08,PENDING,,
F0032,vehicle_registration,S003,2026-10-08.html,fee,Motorcycle and tricycle registration fee,Motorcycles and tricycles,40000,KHR,stated,"The registration fee is 40,000 Riels",,2026-10-08,PENDING,,
F0033,vehicle_registration,S003,2026-10-08.html,required_document,Import tax receipt for the vehicle,"Cars, online",,,stated,attachments of your vehicle’s receipt of import tax,,2026-10-08,PENDING,,
F0034,vehicle_registration,S003,2026-10-08.html,required_document,Letter from the dealer,"Cars, online",,,stated,letter from the dealer,,2026-10-08,PENDING,,
F0035,vehicle_registration,S003,2026-10-08.html,required_document,Certificate of Vehicle Inspection,"Cars, online",,,stated,Certificate of Vehicle Inspection,,2026-10-08,PENDING,,
F0036,vehicle_registration,S003,2026-10-08.html,required_document,"Copy of the owner's Cambodian ID, residency book, or family book","Cars, online",,,stated,"a copy of your Cambodian ID, residency book, or family book of the vehicle owner",,2026-10-08,PENDING,,
F0037,vehicle_registration,S003,2026-10-08.html,step,Create an account on vehicle.mpwt.gov.kh and enter personal and vehicle information with attachments,"Cars, online",,,stated,You are required to create an online account and fill in your personal information and vehicle’s information,,2026-10-08,PENDING,,
F0038,vehicle_registration,S003,2026-10-08.html,step,Optionally select a preferred plate number,"Cars, online",,,stated,Select your preferred license number and complete your registration information online.,,2026-10-08,PENDING,,
F0039,vehicle_registration,S003,2026-10-08.html,step,Print the bill and pay through WING or Ly Hour,"Cars, online",,,stated,"you can print out a bill to pay through WING, or Ly Hour.",,2026-10-08,PENDING,,
F0040,vehicle_registration,S003,2026-10-08.html,location,"Any motor dealer, provincial Public Works and Transport department, or district One Window Service Office",Motorcycles and tricycles,,,stated,"Motorcycles and tricycles registration can be done at every Motor Dealer nationwide, at every Provincial Department of Public Works and Transport or at the One Window Service Offices located at every District in Phnom Penh and in all provinces.",,2026-10-08,PENDING,,
F0041,vehicle_registration,S003,2026-10-08.html,processing_time,Number plate issued immediately; registration documents issued after inspection,Motorcycles and tricycles,,,stated,you will receive immediately your number plate at that location,,2026-10-08,PENDING,,
F0042,vehicle_registration,S003,2026-10-08.html,processing_time,Not stated by source,"Cars, online",,,not_stated,,,2026-10-08,PENDING,,
F0043,vehicle_registration,S003,2026-10-08.html,contact,"Hotline 1275 (free), Monday-Friday 08:00-12:00 and 14:00-17:00",,,,stated,1275 (Free) info@mpwt.gov.kh Monday - Friday (08:00-12:00 | 14:00-17:00),,2026-10-08,PENDING,,
